{"neurons":[2,3,1],"weights":[-0.16387276798669881,0.28828308466105579,0.28917677595533209,-0.530792055157692,0.90428032134788339,0.032901801049071366,-0.26759815443921986,0.97552138392834786,0.50923061485843979]}