{"neurons":[2,3,1],"weights":[-0.82493258147377535,-0.025613351289006436,-0.26758192688024351,0.23325329681747498,-0.79622111261305162,-0.034555021784304807,0.2321581969525246,0.84322184448893078,0.63674894474102128]}