{"neurons":[2,3,1],"weights":[-0.26201780236671346,0.88216651289644177,-0.41851873106736304,0.39931670627488747,-0.48948291732272531,-0.11216480834559572,0.86403319170140169,-0.92312189424045288,0.76639258995005521]}