{"neurons":[2,3,1],"weights":[0.24040317881717188,0.91574805291109707,-0.13740259691150136,-0.96845670623233282,-0.66531623175995369,-0.92845703726470941,0.31984710536594108,-0.34067702751158491,0.79990920092375939]}