{"neurons":[2,3,1],"weights":[0.75774798044089908,0.96306557455370179,0.75692857854651341,-0.11591269427520035,0.39202108435525651,-0.59834349614714044,0.70349184957093014,-0.91525245732551708,-0.92000106636139845]}