{"neurons":[2,3,1],"weights":[0.3659760252225599,-0.57788500821453193,-0.6629209972817911,0.27300097170602955,-0.82187637101476541,0.35017212984565349,0.37418684211318287,0.40546918624348649,0.79146020928105831]}