{"neurons":[2,3,1],"weights":[-0.026520390383267922,0.97649070535511062,0.3727233346344081,0.54109021175680139,-0.29717447712919404,0.8523298875962555,0.99901964095791573,0.90605658547329471,0.45197186237366838]}