{"neurons":[2,3,1],"weights":[0.812087035984395,0.9167601852879248,0.28976648857638221,-0.21138088493563811,0.13184922592571158,-0.88938160839764668,-0.79912254093711121,-0.36914489868410227,-0.84685422562864243]}