{"neurons":[2,3,1],"weights":[-0.98062867868280679,0.40990442382676973,0.78804958150903914,-0.38235179306482325,0.52595183915723465,-0.70662019104706209,-0.81412635373740727,0.62763052226288485,-0.4500734021271231]}