{"neurons":[2,3,1],"weights":[-0.82157288866883538,-0.808178803071921,0.43439716230036329,0.32756717610147557,-0.49862695420578207,0.81271555064524659,0.64126937080929336,0.67437792245994554,-0.3283371299877903]}