{"neurons":[2,3,1],"weights":[-0.42535870631599759,-0.94534037540005789,0.958574269278057,0.36734833533713096,-0.43709874429866935,-0.69772004101044582,0.54437157297003158,0.035939209840341935,0.35541519159097845]}