{"neurons":[2,3,1],"weights":[0.29123334134532586,0.77685861803151912,0.3054215352547569,0.47780991498142322,-0.17613698755678375,-0.74208325675510656,0.8895415911890916,-0.28150573471763496,0.022535866341664823]}